storeCode,storeName,orgCode,imageLink,storePhone,storeMobile,managerUserCode,taxCode,bankName,bankAccount,bankAccountName,countryCode,countryName,stateCode,stateName,cityCode,cityName,districtCode,districtName,address1,zipCode,latitude,longitude,openStatus,status,defaultScheduleList,__typename
1024092307228,LEGO SUPERMAL KARAWACI,10008174,,0215462611,,,,,,,1,Indonesia,20001432,Banten,30006154,Kab. Tangerang,40006155,Kelapa Dua,"Supermal Karawaci, Jl. Boulevard Diponegoro No.105 LT. GF. Bencongan, Kec. Klp. Dua, Kabupaten Tangerang, Banten",15810,-6.226640951346387,106.60848242161262,1,1,"[{'scheduleStartHour': '0900', 'scheduleEndHour': '1700', '__typename': 'DefaultSchedule'}, {'scheduleStartHour': '0900', 'scheduleEndHour': '1700', '__typename': 'DefaultSchedule'}, {'scheduleStartHour': '0900', 'scheduleEndHour': '1700', '__typename': 'DefaultSchedule'}]",Store
1024071906976,LCS SENAYAN CITY,10007865,,085817283322,,,,,,,1,Indonesia,20001388,DKI Jakarta,30001406,Kota Jakarta Pusat,40001406,Tanah Abang,"Senayan City 3rd Floor, Jl. Asia Afrika No.Lot 19, Gelora, Kecamatan Tanah Abang, Kota Jakarta Pusat, Daerah Khusus Ibukota Jakarta 10270",10270,-6.227171400408633,106.79700889985953,1,1,"[{'scheduleStartHour': '0900', 'scheduleEndHour': '1700', '__typename': 'DefaultSchedule'}, {'scheduleStartHour': '0900', 'scheduleEndHour': '1700', '__typename': 'DefaultSchedule'}, {'scheduleStartHour': '0900', 'scheduleEndHour': '1700', '__typename': 'DefaultSchedule'}]",Store
1024070406911,LEGO SANUR ICON,10007798,,0361753450,,,,,,,1,Indonesia,20002217,Bali,30002270,Kota Denpasar,40002272,Denpasar Selatan,"Sanur Icon 1F-24 & 25, Jl.Danau Tamblingan No.27 Sanur, Denpasar Selatan, Denpasar, Bali 80228",80228,-8.686635824776538,115.26279188514762,1,1,"[{'scheduleStartHour': '0900', 'scheduleEndHour': '1700', '__typename': 'DefaultSchedule'}, {'scheduleStartHour': '0900', 'scheduleEndHour': '1700', '__typename': 'DefaultSchedule'}, {'scheduleStartHour': '0900', 'scheduleEndHour': '1700', '__typename': 'DefaultSchedule'}]",Store
1024052206644,LEGO BEACHWALK MALL BALI ,10007531,,0361-8465588,,,,,,,1,Indonesia,20002217,Bali,30002217,Kab. Badung,40002218,Kuta Selatan,"BEACHWALK SHOPPING CENTER LT 1 UNIT L1-16  JL PANTAI KUTA, KUTA, KEC KUTA, KAB BADUNG, BALI
",80361,-8.717456036,115.1694187,1,1,"[{'scheduleStartHour': '0900', 'scheduleEndHour': '1700', '__typename': 'DefaultSchedule'}, {'scheduleStartHour': '0900', 'scheduleEndHour': '1700', '__typename': 'DefaultSchedule'}, {'scheduleStartHour': '0900', 'scheduleEndHour': '1700', '__typename': 'DefaultSchedule'}]",Store
1024052206643,LEGO CENTRAL PARK,10007530,,021-38789067,,,,,,,1,Indonesia,20001388,DKI Jakarta,30001424,Kota Jakarta Barat,40001431,Grogol Petamburan,"CENTRAL PARK MALL , LT. UG UNIT 111  JL. LETJEN S. PARMAN KAV 28, RT.12/RW.6, TJ. DUREN SEL  JAKARTA BARAT
",11470,-6.176837646,106.7915578,1,1,"[{'scheduleStartHour': '0900', 'scheduleEndHour': '1700', '__typename': 'DefaultSchedule'}, {'scheduleStartHour': '0900', 'scheduleEndHour': '1700', '__typename': 'DefaultSchedule'}, {'scheduleStartHour': '0900', 'scheduleEndHour': '1700', '__typename': 'DefaultSchedule'}]",Store
1024052206642,LEGO STORE LIPPO MALL PURI,10007529,,021-51010242,,,,,,,1,Indonesia,20001388,DKI Jakarta,30001424,Kota Jakarta Barat,40001429,Kebon Jeruk,"LIPPO MALL PURI LT.LG UNIT 50-51 JL. RAYA PURI INDAH, KEMBANGAN - JAKARTA BARAT
",11610,-6.189602397,106.7392699,1,1,"[{'scheduleStartHour': '0900', 'scheduleEndHour': '1700', '__typename': 'DefaultSchedule'}, {'scheduleStartHour': '0900', 'scheduleEndHour': '1700', '__typename': 'DefaultSchedule'}, {'scheduleStartHour': '0900', 'scheduleEndHour': '1700', '__typename': 'DefaultSchedule'}]",Store
1024043006579,LEGO TUNJUNGAN PLAZA 3,10007462,,031-35979026,,,,,,,1,Indonesia,20002351,Jawa Timur,30006122,Kota Surabaya,40006126,Tegalsari,JL. BASUKI RAHMAT NO. 8 - 12 SURABAYA,60261,-7.26279892392269,112.73901126583614,1,1,"[{'scheduleStartHour': '0900', 'scheduleEndHour': '1700', '__typename': 'DefaultSchedule'}, {'scheduleStartHour': '0900', 'scheduleEndHour': '1700', '__typename': 'DefaultSchedule'}, {'scheduleStartHour': '0900', 'scheduleEndHour': '1700', '__typename': 'DefaultSchedule'}]",Store
1024043006578,LEGO PAKUWON MALL SURABAYA,10007461,,031-35973003,,,,,,,1,Indonesia,20002351,Jawa Timur,30006122,Kota Surabaya,40006124,Wiyung,"JL. PUNCAK INDAH LONTAR NO. 2 SURABAYA
",60123,-7.288118302560944,112.6756286793286,1,1,"[{'scheduleStartHour': '0900', 'scheduleEndHour': '1700', '__typename': 'DefaultSchedule'}, {'scheduleStartHour': '0900', 'scheduleEndHour': '1700', '__typename': 'DefaultSchedule'}, {'scheduleStartHour': '0900', 'scheduleEndHour': '1700', '__typename': 'DefaultSchedule'}]",Store
1024043006577,LEGO SUMMARECON SERPONG,10007460,,021-29310457,,,,,,,1,Indonesia,20001432,Banten,30006189,Kota Tangerang,40006201,Tangerang,"SUMMARECON MALL SERPONG LT. GF-237. JL. BOULEVARD RAYA GADING SERPONG, PAKULONAN BARAT, KEC. KELAPA DUA, TANGERANG-BANTEN",15810,-6.240676771561722,106.6301569359749,1,1,"[{'scheduleStartHour': '0900', 'scheduleEndHour': '1700', '__typename': 'DefaultSchedule'}, {'scheduleStartHour': '0900', 'scheduleEndHour': '1700', '__typename': 'DefaultSchedule'}, {'scheduleStartHour': '0900', 'scheduleEndHour': '1700', '__typename': 'DefaultSchedule'}]",Store
1024022306481,LEGO BINTARO EXCHANGE 2,10007356,,6281213907710,,,,,,,1,Indonesia,20001432,Banten,30006153,Kota Tangerang Selatan,40006173,Pondok Aren,"Mall Bintaro Exchange 2 Unit GF-S-29, JL. SEKTOR VII NO.2, PD. JAYA, KEC. PD. AREN, KOTA TANGERANG SELATAN, BANTEN 15227",15227,-6.28557778818325,106.72800179300847,1,1,"[{'scheduleStartHour': '0900', 'scheduleEndHour': '1700', '__typename': 'DefaultSchedule'}, {'scheduleStartHour': '0900', 'scheduleEndHour': '1700', '__typename': 'DefaultSchedule'}, {'scheduleStartHour': '0900', 'scheduleEndHour': '1700', '__typename': 'DefaultSchedule'}]",Store
1023111406026,LEGO STORE GRAND INDONESIA,10006888,,081110695842,,,,,,,1,Indonesia,20001388,DKI Jakarta,30001406,Kota Jakarta Pusat,40001406,Tanah Abang,"Grand Indonesia East Mall Lt.3, Jl. M.H. Thamrin No.1, Kb. Melati, Kecamatan Tanah Abang, Kota Jakarta Pusat, Daerah Khusus Ibukota Jakarta 10230",10310,-6.195035041979067,106.82100231301484,1,1,"[{'scheduleStartHour': '0900', 'scheduleEndHour': '1700', '__typename': 'DefaultSchedule'}, {'scheduleStartHour': '0900', 'scheduleEndHour': '1700', '__typename': 'DefaultSchedule'}, {'scheduleStartHour': '0900', 'scheduleEndHour': '1700', '__typename': 'DefaultSchedule'}]",Store
1023062805792,LEGO GANDARIA CITY JAKARTA,10006612,,081776768746 / 087881228940,,,,,,,1,Indonesia,20001388,DKI Jakarta,30001414,Kota Jakarta Selatan,40001421,Kebayoran Lama,"Gandaria City Mall Lantai 1 Unit 150, Jalan Sultan Iskandar Muda, Kebayoran Lama, RT.10/RW.6, Kby. Lama Utara, Kby. Lama, Kota Jakarta Selatan, Daerah Khusus Ibukota Jakarta 12240, Jakarta Selatan",12240,-6.244166004764499,106.78352943618096,1,1,"[{'scheduleStartHour': '0900', 'scheduleEndHour': '1700', '__typename': 'DefaultSchedule'}, {'scheduleStartHour': '0900', 'scheduleEndHour': '1700', '__typename': 'DefaultSchedule'}, {'scheduleStartHour': '0900', 'scheduleEndHour': '1700', '__typename': 'DefaultSchedule'}]",Store
1023053005748,LEGO TRANS STUDIO MALL MAKASSAR,10006558,,085342723369,,,,,,,1,Indonesia,20006724,Sulawesi Selatan,30006724,Kota Makassar,40006725,Tamalate,"Trans Studio Mall Makassar Lantai LG-122,  Jl. H. M. Dieng Patompo, Maccini Sombala, Kec. Tamalate, Kota Makassar, Sulawesi Selatan 90134",90134,-5.1586727435166395,119.39463984216486,1,1,"[{'scheduleStartHour': '0900', 'scheduleEndHour': '1700', '__typename': 'DefaultSchedule'}, {'scheduleStartHour': '0900', 'scheduleEndHour': '1700', '__typename': 'DefaultSchedule'}, {'scheduleStartHour': '0900', 'scheduleEndHour': '1700', '__typename': 'DefaultSchedule'}]",Store
1023053005747,LEGO TRANS STUDIO MALL CIBUBUR,10006557,,02139730992,,,,,,,1,Indonesia,20000422,Jawa Barat,30002206,Kota Depok,40002216,Cimanggis,"Trans Studio Mall Cibubur Lt.1 Unit 1-9, Jl. Alternatif Cibubur No.230 A, Harjamukti, Kec. Cimanggis, Kota Depok, Jawa Barat 16454",16454,-6.375270892661407,106.90162499767662,1,1,"[{'scheduleStartHour': '0900', 'scheduleEndHour': '1700', '__typename': 'DefaultSchedule'}, {'scheduleStartHour': '0900', 'scheduleEndHour': '1700', '__typename': 'DefaultSchedule'}, {'scheduleStartHour': '0900', 'scheduleEndHour': '1700', '__typename': 'DefaultSchedule'}]",Store
1023052305739,LEGO STORE CILANDAK TOWN SQUARE ,10006546,,081280898439/081905004411,,,,,,,1,Indonesia,20001388,DKI Jakarta,30001414,Kota Jakarta Selatan,40001414,Cilandak,"Cilandak Town Square Lt GF Kav 17, Jl. TB Simatupang, RT.6/RW.9, Cilandak Bar., Kec. Cilandak, DKI Jakarta, Daerah Khusus Ibukota Jakarta 12430",12430,-6.291655979995379,106.7992145575922,1,1,"[{'scheduleStartHour': '0900', 'scheduleEndHour': '1700', '__typename': 'DefaultSchedule'}, {'scheduleStartHour': '0900', 'scheduleEndHour': '1700', '__typename': 'DefaultSchedule'}, {'scheduleStartHour': '0900', 'scheduleEndHour': '1700', '__typename': 'DefaultSchedule'}]",Store
1023052305738,LEGO MALL PAKUWON YOGYA,10006545,,08112982156 / 0274621138 ,,,,,,,1,Indonesia,20002429,DI Yogyakarta,30002459,Kab. Sleman,40002461,Depok,"Pakuwon Mall, Jl. Raya Ringroad Utara, Condongcatur, Depok, Kab. Sleman, DI Yogyakarta 55281",55281,-7.7594070859250355,110.39934727558739,1,1,"[{'scheduleStartHour': '0900', 'scheduleEndHour': '1700', '__typename': 'DefaultSchedule'}, {'scheduleStartHour': '0900', 'scheduleEndHour': '1700', '__typename': 'DefaultSchedule'}, {'scheduleStartHour': '0900', 'scheduleEndHour': '1700', '__typename': 'DefaultSchedule'}]",Store
1023022305193,LEGO DELI PARK MEDAN,10005963,,061-62000225 / 62000226,,,,,,,1,Indonesia,20003336,Sumatera Utara,30003751,Kota Medan,40007122,Medan,"DELI PARK MEDAN LT. 1, JL. PUTRI HIJAU / GURU PATIMPUS BLOK OPQ NO. 1 MEDAN
",20111,03.5946948128469085,98.67451365450967,1,1,"[{'scheduleStartHour': '0900', 'scheduleEndHour': '1700', '__typename': 'DefaultSchedule'}, {'scheduleStartHour': '0900', 'scheduleEndHour': '1700', '__typename': 'DefaultSchedule'}, {'scheduleStartHour': '0900', 'scheduleEndHour': '1700', '__typename': 'DefaultSchedule'}]",Store
1023022305192,LEGO MALL OF INDONESIA,10005962,,021-22450448,,,,,,,1,Indonesia,20001388,DKI Jakarta,30001400,Kota Jakarta Utara,40001405,Kelapa Gading,"MALL OF INDONESIA LT.GF  UNIT C12 C24 , JL BOULEVARD BARAT RAYA RT.018/RW.008 KELAPA GADING BARAT KEC.KELAPA GADING, JAKARTA UTARA",14240,-6.151433561417154,106.89188416804778,1,1,"[{'scheduleStartHour': '0900', 'scheduleEndHour': '1700', '__typename': 'DefaultSchedule'}, {'scheduleStartHour': '0900', 'scheduleEndHour': '1700', '__typename': 'DefaultSchedule'}, {'scheduleStartHour': '0900', 'scheduleEndHour': '1700', '__typename': 'DefaultSchedule'}]",Store
1023022305191,LEGO PVJ BANDUNG,10005961,,022-82063729 ,,,,,,,1,Indonesia,20000422,Jawa Barat,30000619,Kota Bandung,40000624,Sukajadi,"PARIS VAN JAVA LANTAI RL UNIT B-19 JL. SUKAJADI NO.131-139, CIPEDES, KEC. SUKAJADI, KOTA BANDUNG, JAWA BARAT",40162,-6.889073514304065,107.59607288154629,1,1,"[{'scheduleStartHour': '0900', 'scheduleEndHour': '1700', '__typename': 'DefaultSchedule'}, {'scheduleStartHour': '0900', 'scheduleEndHour': '1700', '__typename': 'DefaultSchedule'}, {'scheduleStartHour': '0900', 'scheduleEndHour': '1700', '__typename': 'DefaultSchedule'}]",Store
1023022305190,LEGO PIM 3,10005960,,021-22761599,,,,,,,1,Indonesia,20001388,DKI Jakarta,30001414,Kota Jakarta Selatan,40001421,Kebayoran Lama,"MALL PONDOK INDAH MALL 3, LT. 2 UNIT 201 - JL. METRO PONDOK INDAH KAV 3B, PONDOK PINANG KEBAYORAN LAMA, JAKARTA SELATAN",12310,-6.263938354744621,106.78225093345041,1,1,"[{'scheduleStartHour': '0900', 'scheduleEndHour': '1700', '__typename': 'DefaultSchedule'}, {'scheduleStartHour': '0900', 'scheduleEndHour': '1700', '__typename': 'DefaultSchedule'}, {'scheduleStartHour': '0900', 'scheduleEndHour': '1700', '__typename': 'DefaultSchedule'}]",Store
1023011204903,LEGO AEON BSD CITY,10005659,,02155691506,,,,,,,1,Indonesia,20001432,Banten,30006154,Kab. Tangerang,40006165,Pagedangan,"AEON Mall BSD Lt. FF 1-08, Jl. BSD Raya Utama, Pagedangan, Kec. Pagedangan, Kab. Tangerang, Banten 15345",15345,-6.30513324457178,106.643557511808,1,1,"[{'scheduleStartHour': '0900', 'scheduleEndHour': '1700', '__typename': 'DefaultSchedule'}, {'scheduleStartHour': '0900', 'scheduleEndHour': '1700', '__typename': 'DefaultSchedule'}, {'scheduleStartHour': '0900', 'scheduleEndHour': '1700', '__typename': 'DefaultSchedule'}]",Store
1023011204902,LEGO MALL KOTA KASABLANKA JAKARTA,10005658,,02145853999,,,,,,,1,Indonesia,20001388,DKI Jakarta,30001414,Kota Jakarta Selatan,40001415,Tebet,"Jl. Casablanca No.Kav. 88, RT.16/RW.5, Menteng Dalam, Tebet, Kota Jakarta Selatan, Daerah Khusus Ibukota Jakarta 12870",12870,-6.223949,106.842691,1,1,"[{'scheduleStartHour': '0900', 'scheduleEndHour': '1700', '__typename': 'DefaultSchedule'}, {'scheduleStartHour': '0900', 'scheduleEndHour': '1700', '__typename': 'DefaultSchedule'}, {'scheduleStartHour': '0900', 'scheduleEndHour': '1700', '__typename': 'DefaultSchedule'}]",Store
1023011204901,LEGO MALL KELAPA GADING JAKARTA,10005657,,02145853901,,,,,,,1,Indonesia,20001388,DKI Jakarta,30001400,Kota Jakarta Utara,40001405,Kelapa Gading,"Jl. Boulevard Raya, RT.13/RW.18, Klp. Gading Tim., Klp. Gading, Kota Jkt Utara, Daerah Khusus Ibukota Jakarta 14240",14240,-6.157519,106.908021,1,1,"[{'scheduleStartHour': '0900', 'scheduleEndHour': '1700', '__typename': 'DefaultSchedule'}, {'scheduleStartHour': '0900', 'scheduleEndHour': '1700', '__typename': 'DefaultSchedule'}, {'scheduleStartHour': '0900', 'scheduleEndHour': '1700', '__typename': 'DefaultSchedule'}]",Store
1022102404641,PLANET SPORTS [AGILITY BEKASI],10005368,,087775045809,,,,,,,1,Indonesia,20000422,Jawa Barat,30000672,Kota Bekasi,40000676,Medan Satria,PT. Agility International Jl.Wahab Affan Komplek Pergudangan Metrofeed No 5-6,17132,-6.20729271692372,106.967908057933,1,1,"[{'scheduleStartHour': '0900', 'scheduleEndHour': '1700', '__typename': 'DefaultSchedule'}, {'scheduleStartHour': '0900', 'scheduleEndHour': '1700', '__typename': 'DefaultSchedule'}, {'scheduleStartHour': '0900', 'scheduleEndHour': '1700', '__typename': 'DefaultSchedule'}]",Store
